{
  "label": "Contact Analytics Dashboard",
  "mobileDisabled": false,
  "state": {
    "dataSourceLinks": [],
    "filters": [],
    "gridLayouts": [
      {
        "name": "Default",
        "numColumns": 12,
        "pages": [
          {
            "label": "Contact Analysis",
            "widgets": [
              {
                "type": "chart",
                "parameters": {
                  "visualizationType": "hbar",
                  "title": "Contacts by Account"
                },
                "position": {
                  "x": 0,
                  "y": 0,
                  "w": 6,
                  "h": 6
                }
              },
              {
                "type": "filterpanel",
                "parameters": {
                  "title": "Filters"
                },
                "position": {
                  "x": 0,
                  "y": 6,
                  "w": 3,
                  "h": 3
                }
              },
              {
                "type": "lwc",
                "parameters": {
                  "componentName": "c:contactAnalyticsTable",
                  "title": "Contact Details"
                },
                "position": {
                  "x": 6,
                  "y": 0,
                  "w": 6,
                  "h": 9
                }
              }
            ]
          }
        ]
      }
    ]
  }
}